Beg.Time.s.,End.Time..s.,Value,win,Time,Subject,Equipment,DominantSide,TimeAdjusted
1499.5,1500.5,53.43653365,3,30,Subj701,Platform,DM,10
2099.5,2100.5,53.65613832,4,40,Subj701,Platform,DM,20
2699.5,2700.5,54.12243969,5,50,Subj701,Platform,DM,30
3299.5,3300.5,53.52073335,6,60,Subj701,Platform,DM,40
3899.5,3900.5,53.52327206,7,70,Subj701,Platform,DM,50
4499.5,4500.5,53.30790555,8,80,Subj701,Platform,DM,60
5099.5,5100.5,52.64623869,9,90,Subj701,Platform,DM,70
5699.5,5700.5,54.41162696,10,100,Subj701,Platform,DM,80
6299.5,6300.5,51.55410466,11,110,Subj701,Platform,DM,90
6899.5,6900.5,53.29021577,12,120,Subj701,Platform,DM,100
9299.5,9300.5,52.15072777,16,160,Subj701,Platform,DM,140
9899.5,9900.5,51.81804761,17,170,Subj701,Platform,DM,150
10499.5,10500.5,51.58415767,18,180,Subj701,Platform,DM,160
11099.5,11100.5,53.26772412,19,190,Subj701,Platform,DM,170
11699.5,11700.5,54.36892539,20,200,Subj701,Platform,DM,180
12299.5,12300.5,54.61454917,21,210,Subj701,Platform,DM,190
12899.5,12900.5,53.79791631,22,220,Subj701,Platform,DM,200
13499.5,13500.5,54.94183425,23,230,Subj701,Platform,DM,210
14099.5,14100.5,53.40971974,24,240,Subj701,Platform,DM,220
14699.5,14700.5,52.25701874,25,250,Subj701,Platform,DM,230
15299.5,15300.5,54.04322085,26,260,Subj701,Platform,DM,240
15899.5,15900.5,52.12919694,27,270,Subj701,Platform,DM,250
16499.5,16500.5,51.89836997,28,280,Subj701,Platform,DM,260
17099.5,17100.5,52.10559088,29,290,Subj701,Platform,DM,270
17699.5,17700.5,52.6445863,30,300,Subj701,Platform,DM,280
18299.5,18300.5,50.39524595,31,310,Subj701,Platform,DM,290
18899.5,18900.5,51.34522784,32,320,Subj701,Platform,DM,300
19499.5,19500.5,50.69282414,33,330,Subj701,Platform,DM,310
20099.5,20100.5,51.14503971,34,340,Subj701,Platform,DM,320
20699.5,20700.5,52.36608188,35,350,Subj701,Platform,DM,330
21299.5,21300.5,52.40690828,36,360,Subj701,Platform,DM,340
21899.5,21900.5,52.92317987,37,370,Subj701,Platform,DM,350
22499.5,22500.5,51.18063862,38,380,Subj701,Platform,DM,360
23099.5,23100.5,51.89654015,39,390,Subj701,Platform,DM,370
23699.5,23700.5,50.88780211,40,400,Subj701,Platform,DM,380
24299.5,24300.5,52.38926107,41,410,Subj701,Platform,DM,390
24899.5,24900.5,52.39886643,42,420,Subj701,Platform,DM,400
25499.5,25500.5,51.80873614,43,430,Subj701,Platform,DM,410
26099.5,26100.5,50.56972673,44,440,Subj701,Platform,DM,420
26699.5,26700.5,50.04079979,45,450,Subj701,Platform,DM,430
27299.5,27300.5,50.84702419,46,460,Subj701,Platform,DM,440
27899.5,27900.5,51.08996695,47,470,Subj701,Platform,DM,450
1499.5,1500.5,57.07107028,3,30,Subj701,Platform,ND,10
2099.5,2100.5,52.82882106,4,40,Subj701,Platform,ND,20
2699.5,2700.5,49.20449204,5,50,Subj701,Platform,ND,30
3299.5,3300.5,51.1739001,6,60,Subj701,Platform,ND,40
3899.5,3900.5,49.51587663,7,70,Subj701,Platform,ND,50
4499.5,4500.5,51.53684408,8,80,Subj701,Platform,ND,60
5099.5,5100.5,51.32101825,9,90,Subj701,Platform,ND,70
5699.5,5700.5,50.38763516,10,100,Subj701,Platform,ND,80
6299.5,6300.5,51.17137553,11,110,Subj701,Platform,ND,90
6899.5,6900.5,52.29764225,12,120,Subj701,Platform,ND,100
9299.5,9300.5,50.56369592,16,160,Subj701,Platform,ND,140
9899.5,9900.5,46.31036331,17,170,Subj701,Platform,ND,150
10499.5,10500.5,48.44432854,18,180,Subj701,Platform,ND,160
11099.5,11100.5,48.84318578,19,190,Subj701,Platform,ND,170
11699.5,11700.5,48.82865286,20,200,Subj701,Platform,ND,180
12299.5,12300.5,49.46487173,21,210,Subj701,Platform,ND,190
12899.5,12900.5,50.92392259,22,220,Subj701,Platform,ND,200
13499.5,13500.5,52.45170951,23,230,Subj701,Platform,ND,210
14099.5,14100.5,51.41556312,24,240,Subj701,Platform,ND,220
14699.5,14700.5,53.51302595,25,250,Subj701,Platform,ND,230
15299.5,15300.5,49.21805559,26,260,Subj701,Platform,ND,240
15899.5,15900.5,51.84425708,27,270,Subj701,Platform,ND,250
16499.5,16500.5,51.50425951,28,280,Subj701,Platform,ND,260
17099.5,17100.5,50.95118373,29,290,Subj701,Platform,ND,270
17699.5,17700.5,50.61976287,30,300,Subj701,Platform,ND,280
18299.5,18300.5,51.17249778,31,310,Subj701,Platform,ND,290
18899.5,18900.5,50.05422375,32,320,Subj701,Platform,ND,300
19499.5,19500.5,48.7755985,33,330,Subj701,Platform,ND,310
20099.5,20100.5,48.74050191,34,340,Subj701,Platform,ND,320
20699.5,20700.5,49.12614544,35,350,Subj701,Platform,ND,330
21299.5,21300.5,48.96107725,36,360,Subj701,Platform,ND,340
21899.5,21900.5,48.42935603,37,370,Subj701,Platform,ND,350
22499.5,22500.5,46.75822478,38,380,Subj701,Platform,ND,360
23099.5,23100.5,46.66896646,39,390,Subj701,Platform,ND,370
23699.5,23700.5,50.53740309,40,400,Subj701,Platform,ND,380
24299.5,24300.5,50.2075392,41,410,Subj701,Platform,ND,390
24899.5,24900.5,47.69140346,42,420,Subj701,Platform,ND,400
25499.5,25500.5,49.12985891,43,430,Subj701,Platform,ND,410
26099.5,26100.5,50.41069649,44,440,Subj701,Platform,ND,420
26699.5,26700.5,46.04833143,45,450,Subj701,Platform,ND,430
27299.5,27300.5,48.52735105,46,460,Subj701,Platform,ND,440
27899.5,27900.5,46.33408078,47,470,Subj701,Platform,ND,450
2099.5,2100.5,58.48190442,4,40,Subj702,Platform,DM,10
2699.5,2700.5,58.79533796,5,50,Subj702,Platform,DM,20
3299.5,3300.5,58.88280318,6,60,Subj702,Platform,DM,30
3899.5,3900.5,58.02682426,7,70,Subj702,Platform,DM,40
4499.5,4500.5,58.34154865,8,80,Subj702,Platform,DM,50
5099.5,5100.5,56.93342857,9,90,Subj702,Platform,DM,60
5699.5,5700.5,57.15876969,10,100,Subj702,Platform,DM,70
6299.5,6300.5,57.53539656,11,110,Subj702,Platform,DM,80
6899.5,6900.5,56.09707713,12,120,Subj702,Platform,DM,90
9299.5,9300.5,48.74704795,16,160,Subj702,Platform,DM,130
9899.5,9900.5,54.09096053,17,170,Subj702,Platform,DM,140
10499.5,10500.5,55.49908234,18,180,Subj702,Platform,DM,150
11099.5,11100.5,52.56573988,19,190,Subj702,Platform,DM,160
11699.5,11700.5,54.84986704,20,200,Subj702,Platform,DM,170
12299.5,12300.5,53.90648741,21,210,Subj702,Platform,DM,180
12899.5,12900.5,54.21942047,22,220,Subj702,Platform,DM,190
13499.5,13500.5,54.15221941,23,230,Subj702,Platform,DM,200
14099.5,14100.5,53.15797512,24,240,Subj702,Platform,DM,210
14699.5,14700.5,54.54202582,25,250,Subj702,Platform,DM,220
15299.5,15300.5,51.62012608,26,260,Subj702,Platform,DM,230
15899.5,15900.5,55.29403426,27,270,Subj702,Platform,DM,240
16499.5,16500.5,57.31214998,28,280,Subj702,Platform,DM,250
17099.5,17100.5,55.07361617,29,290,Subj702,Platform,DM,260
17699.5,17700.5,53.76580726,30,300,Subj702,Platform,DM,270
18299.5,18300.5,52.99843344,31,310,Subj702,Platform,DM,280
18899.5,18900.5,54.06977692,32,320,Subj702,Platform,DM,290
19499.5,19500.5,53.4669161,33,330,Subj702,Platform,DM,300
20099.5,20100.5,53.74721698,34,340,Subj702,Platform,DM,310
20699.5,20700.5,53.70726254,35,350,Subj702,Platform,DM,320
21299.5,21300.5,54.69340949,36,360,Subj702,Platform,DM,330
21899.5,21900.5,52.54256916,37,370,Subj702,Platform,DM,340
22499.5,22500.5,51.43187805,38,380,Subj702,Platform,DM,350
23099.5,23100.5,52.63014074,39,390,Subj702,Platform,DM,360
23699.5,23700.5,52.54531126,40,400,Subj702,Platform,DM,370
24299.5,24300.5,51.71873097,41,410,Subj702,Platform,DM,380
24899.5,24900.5,51.97741508,42,420,Subj702,Platform,DM,390
25499.5,25500.5,52.85972949,43,430,Subj702,Platform,DM,400
26099.5,26100.5,54.03206797,44,440,Subj702,Platform,DM,410
26699.5,26700.5,52.21647899,45,450,Subj702,Platform,DM,420
27299.5,27300.5,49.97739651,46,460,Subj702,Platform,DM,430
27899.5,27900.5,52.06154753,47,470,Subj702,Platform,DM,440
28499.5,28500.5,52.66876711,48,480,Subj702,Platform,DM,450
2099.5,2100.5,53.2096701,4,40,Subj702,Platform,ND,10
2699.5,2700.5,51.05193382,5,50,Subj702,Platform,ND,20
3299.5,3300.5,50.56127446,6,60,Subj702,Platform,ND,30
3899.5,3900.5,49.89594104,7,70,Subj702,Platform,ND,40
4499.5,4500.5,50.69635689,8,80,Subj702,Platform,ND,50
5099.5,5100.5,49.50262735,9,90,Subj702,Platform,ND,60
5699.5,5700.5,51.17455405,10,100,Subj702,Platform,ND,70
6299.5,6300.5,47.81172757,11,110,Subj702,Platform,ND,80
6899.5,6900.5,49.14504209,12,120,Subj702,Platform,ND,90
9299.5,9300.5,45.29727587,16,160,Subj702,Platform,ND,130
9899.5,9900.5,50.21858664,17,170,Subj702,Platform,ND,140
10499.5,10500.5,46.31623938,18,180,Subj702,Platform,ND,150
11099.5,11100.5,46.82053466,19,190,Subj702,Platform,ND,160
11699.5,11700.5,46.57418384,20,200,Subj702,Platform,ND,170
12299.5,12300.5,46.60207602,21,210,Subj702,Platform,ND,180
12899.5,12900.5,46.36341069,22,220,Subj702,Platform,ND,190
13499.5,13500.5,46.99899213,23,230,Subj702,Platform,ND,200
14099.5,14100.5,44.04474294,24,240,Subj702,Platform,ND,210
14699.5,14700.5,46.3744269,25,250,Subj702,Platform,ND,220
15299.5,15300.5,43.68757643,26,260,Subj702,Platform,ND,230
15899.5,15900.5,48.38489962,27,270,Subj702,Platform,ND,240
16499.5,16500.5,49.97095025,28,280,Subj702,Platform,ND,250
17099.5,17100.5,50.88567192,29,290,Subj702,Platform,ND,260
17699.5,17700.5,51.14082193,30,300,Subj702,Platform,ND,270
18299.5,18300.5,51.24801522,31,310,Subj702,Platform,ND,280
18899.5,18900.5,51.094049,32,320,Subj702,Platform,ND,290
19499.5,19500.5,51.59509377,33,330,Subj702,Platform,ND,300
20099.5,20100.5,52.38565238,34,340,Subj702,Platform,ND,310
20699.5,20700.5,51.63053929,35,350,Subj702,Platform,ND,320
21299.5,21300.5,52.29946762,36,360,Subj702,Platform,ND,330
21899.5,21900.5,49.24521365,37,370,Subj702,Platform,ND,340
22499.5,22500.5,51.81696978,38,380,Subj702,Platform,ND,350
23099.5,23100.5,45.71109692,39,390,Subj702,Platform,ND,360
23699.5,23700.5,48.99221396,40,400,Subj702,Platform,ND,370
24299.5,24300.5,47.31388338,41,410,Subj702,Platform,ND,380
24899.5,24900.5,49.72617996,42,420,Subj702,Platform,ND,390
25499.5,25500.5,52.76598026,43,430,Subj702,Platform,ND,400
26099.5,26100.5,50.38144065,44,440,Subj702,Platform,ND,410
26699.5,26700.5,47.8872035,45,450,Subj702,Platform,ND,420
27299.5,27300.5,48.22042963,46,460,Subj702,Platform,ND,430
27899.5,27900.5,48.22175009,47,470,Subj702,Platform,ND,440
28499.5,28500.5,48.79151816,48,480,Subj702,Platform,ND,450
1499.5,1500.5,62.72086383,3,30,Subj703,Platform,DM,10
2099.5,2100.5,58.81321368,4,40,Subj703,Platform,DM,20
2699.5,2700.5,60.52537722,5,50,Subj703,Platform,DM,30
3299.5,3300.5,60.05510432,6,60,Subj703,Platform,DM,40
3899.5,3900.5,60.32168216,7,70,Subj703,Platform,DM,50
4499.5,4500.5,59.58420601,8,80,Subj703,Platform,DM,60
5099.5,5100.5,60.81175999,9,90,Subj703,Platform,DM,70
5699.5,5700.5,61.46260515,10,100,Subj703,Platform,DM,80
6299.5,6300.5,58.93028035,11,110,Subj703,Platform,DM,90
6899.5,6900.5,60.2106305,12,120,Subj703,Platform,DM,100
9299.5,9300.5,63.03272192,16,160,Subj703,Platform,DM,140
9899.5,9900.5,59.17003949,17,170,Subj703,Platform,DM,150
10499.5,10500.5,59.42741415,18,180,Subj703,Platform,DM,160
11099.5,11100.5,59.74722082,19,190,Subj703,Platform,DM,170
11699.5,11700.5,59.864327,20,200,Subj703,Platform,DM,180
12299.5,12300.5,61.80220242,21,210,Subj703,Platform,DM,190
12899.5,12900.5,58.74989175,22,220,Subj703,Platform,DM,200
13499.5,13500.5,60.28525992,23,230,Subj703,Platform,DM,210
14099.5,14100.5,58.49821933,24,240,Subj703,Platform,DM,220
14699.5,14700.5,59.96729561,25,250,Subj703,Platform,DM,230
15299.5,15300.5,59.34807452,26,260,Subj703,Platform,DM,240
15899.5,15900.5,58.46949112,27,270,Subj703,Platform,DM,250
16499.5,16500.5,60.03075408,28,280,Subj703,Platform,DM,260
17099.5,17100.5,54.49392103,29,290,Subj703,Platform,DM,270
17699.5,17700.5,52.5933267,30,300,Subj703,Platform,DM,280
18299.5,18300.5,59.54119838,31,310,Subj703,Platform,DM,290
18899.5,18900.5,50.28777816,32,320,Subj703,Platform,DM,300
19499.5,19500.5,57.52682672,33,330,Subj703,Platform,DM,310
20099.5,20100.5,52.44627059,34,340,Subj703,Platform,DM,320
20699.5,20700.5,51.05802315,35,350,Subj703,Platform,DM,330
21299.5,21300.5,55.98344536,36,360,Subj703,Platform,DM,340
21899.5,21900.5,63.766668,37,370,Subj703,Platform,DM,350
22499.5,22500.5,56.16650571,38,380,Subj703,Platform,DM,360
23099.5,23100.5,55.67846649,39,390,Subj703,Platform,DM,370
23699.5,23700.5,54.17835822,40,400,Subj703,Platform,DM,380
24299.5,24300.5,54.56035922,41,410,Subj703,Platform,DM,390
24899.5,24900.5,51.74194133,42,420,Subj703,Platform,DM,400
1499.5,1500.5,55.72992183,3,30,Subj703,Platform,ND,10
2099.5,2100.5,55.44532187,4,40,Subj703,Platform,ND,20
2699.5,2700.5,57.30946471,5,50,Subj703,Platform,ND,30
3299.5,3300.5,56.29785195,6,60,Subj703,Platform,ND,40
3899.5,3900.5,56.10808369,7,70,Subj703,Platform,ND,50
4499.5,4500.5,55.8873457,8,80,Subj703,Platform,ND,60
5099.5,5100.5,60.72095524,9,90,Subj703,Platform,ND,70
5699.5,5700.5,56.23164008,10,100,Subj703,Platform,ND,80
6299.5,6300.5,54.61881353,11,110,Subj703,Platform,ND,90
6899.5,6900.5,57.5462043,12,120,Subj703,Platform,ND,100
9299.5,9300.5,54.0221395,16,160,Subj703,Platform,ND,140
9899.5,9900.5,56.63426151,17,170,Subj703,Platform,ND,150
10499.5,10500.5,58.47532557,18,180,Subj703,Platform,ND,160
11099.5,11100.5,58.57001734,19,190,Subj703,Platform,ND,170
11699.5,11700.5,59.6654012,20,200,Subj703,Platform,ND,180
1499.5,1500.5,55.41035355,3,30,Subj704,Platform,DM,10
2099.5,2100.5,54.52852187,4,40,Subj704,Platform,DM,20
2699.5,2700.5,55.48950999,5,50,Subj704,Platform,DM,30
3299.5,3300.5,56.37343914,6,60,Subj704,Platform,DM,40
3899.5,3900.5,54.4301734,7,70,Subj704,Platform,DM,50
4499.5,4500.5,54.6874328,8,80,Subj704,Platform,DM,60
5099.5,5100.5,53.87767053,9,90,Subj704,Platform,DM,70
5699.5,5700.5,53.33213123,10,100,Subj704,Platform,DM,80
6299.5,6300.5,55.95608372,11,110,Subj704,Platform,DM,90
6899.5,6900.5,55.68272187,12,120,Subj704,Platform,DM,100
9299.5,9300.5,55.81243174,16,160,Subj704,Platform,DM,140
9899.5,9900.5,53.14463325,17,170,Subj704,Platform,DM,150
10499.5,10500.5,53.63281088,18,180,Subj704,Platform,DM,160
1499.5,1500.5,60.58502734,3,30,Subj704,Platform,ND,10
2099.5,2100.5,59.94829993,4,40,Subj704,Platform,ND,20
2699.5,2700.5,59.75486721,5,50,Subj704,Platform,ND,30
3299.5,3300.5,58.94131198,6,60,Subj704,Platform,ND,40
3899.5,3900.5,56.43486474,7,70,Subj704,Platform,ND,50
4499.5,4500.5,57.62299077,8,80,Subj704,Platform,ND,60
5099.5,5100.5,59.02535966,9,90,Subj704,Platform,ND,70
5699.5,5700.5,59.2566836,10,100,Subj704,Platform,ND,80
6299.5,6300.5,59.88889427,11,110,Subj704,Platform,ND,90
6899.5,6900.5,57.27844911,12,120,Subj704,Platform,ND,100
9299.5,9300.5,56.30099114,16,160,Subj704,Platform,ND,140
9899.5,9900.5,57.09288726,17,170,Subj704,Platform,ND,150
10499.5,10500.5,57.10517026,18,180,Subj704,Platform,ND,160
11099.5,11100.5,56.39540987,19,190,Subj704,Platform,ND,170
11699.5,11700.5,58.7334631,20,200,Subj704,Platform,ND,180
2099.5,2100.5,67.59186101,4,40,Subj705,Ground,DM,10
2699.5,2700.5,66.47024249,5,50,Subj705,Ground,DM,20
3299.5,3300.5,67.03524949,6,60,Subj705,Ground,DM,30
3899.5,3900.5,67.20931796,7,70,Subj705,Ground,DM,40
4499.5,4500.5,68.54773521,8,80,Subj705,Ground,DM,50
5099.5,5100.5,68.17220841,9,90,Subj705,Ground,DM,60
5699.5,5700.5,67.66991073,10,100,Subj705,Ground,DM,70
6299.5,6300.5,68.75779597,11,110,Subj705,Ground,DM,80
6899.5,6900.5,67.65517125,12,120,Subj705,Ground,DM,90
7499.5,7500.5,67.61677982,13,130,Subj705,Ground,DM,100
8099.5,8100.5,65.99049451,14,140,Subj705,Ground,DM,110
10499.5,10500.5,68.80688517,18,180,Subj705,Ground,DM,150
11099.5,11100.5,68.10619496,19,190,Subj705,Ground,DM,160
11699.5,11700.5,67.62196616,20,200,Subj705,Ground,DM,170
12299.5,12300.5,65.21265889,21,210,Subj705,Ground,DM,180
12899.5,12900.5,61.99918042,22,220,Subj705,Ground,DM,190
13499.5,13500.5,64.43007675,23,230,Subj705,Ground,DM,200
14099.5,14100.5,60.33348081,24,240,Subj705,Ground,DM,210
14699.5,14700.5,62.79346858,25,250,Subj705,Ground,DM,220
15299.5,15300.5,57.43560208,26,260,Subj705,Ground,DM,230
15899.5,15900.5,65.36284321,27,270,Subj705,Ground,DM,240
16499.5,16500.5,66.81902294,28,280,Subj705,Ground,DM,250
17099.5,17100.5,64.09276427,29,290,Subj705,Ground,DM,260
17699.5,17700.5,62.93549531,30,300,Subj705,Ground,DM,270
2099.5,2100.5,48.27898974,4,40,Subj705,Ground,ND,10
2699.5,2700.5,49.09150398,5,50,Subj705,Ground,ND,20
3299.5,3300.5,50.05228338,6,60,Subj705,Ground,ND,30
3899.5,3900.5,50.76051876,7,70,Subj705,Ground,ND,40
4499.5,4500.5,51.76956105,8,80,Subj705,Ground,ND,50
5099.5,5100.5,50.64207697,9,90,Subj705,Ground,ND,60
5699.5,5700.5,51.93598955,10,100,Subj705,Ground,ND,70
6299.5,6300.5,50.98729167,11,110,Subj705,Ground,ND,80
6899.5,6900.5,52.15012611,12,120,Subj705,Ground,ND,90
7499.5,7500.5,50.56057889,13,130,Subj705,Ground,ND,100
8099.5,8100.5,52.89618257,14,140,Subj705,Ground,ND,110
10499.5,10500.5,52.9406519,18,180,Subj705,Ground,ND,150
11099.5,11100.5,49.41156638,19,190,Subj705,Ground,ND,160
11699.5,11700.5,50.35719729,20,200,Subj705,Ground,ND,170
12299.5,12300.5,50.47845947,21,210,Subj705,Ground,ND,180
12899.5,12900.5,49.925273,22,220,Subj705,Ground,ND,190
13499.5,13500.5,49.20777954,23,230,Subj705,Ground,ND,200
14099.5,14100.5,50.4985376,24,240,Subj705,Ground,ND,210
14699.5,14700.5,51.9188621,25,250,Subj705,Ground,ND,220
15299.5,15300.5,42.65541947,26,260,Subj705,Ground,ND,230
15899.5,15900.5,53.44853403,27,270,Subj705,Ground,ND,240
16499.5,16500.5,51.12678683,28,280,Subj705,Ground,ND,250
17099.5,17100.5,51.06568848,29,290,Subj705,Ground,ND,260
17699.5,17700.5,50.88650465,30,300,Subj705,Ground,ND,270
2099.5,2100.5,71.09583872,4,40,Subj706,Ground,DM,10
2699.5,2700.5,74.87303158,5,50,Subj706,Ground,DM,20
3299.5,3300.5,71.3962169,6,60,Subj706,Ground,DM,30
3899.5,3900.5,71.46608698,7,70,Subj706,Ground,DM,40
4499.5,4500.5,67.51388488,8,80,Subj706,Ground,DM,50
5099.5,5100.5,67.15598038,9,90,Subj706,Ground,DM,60
5699.5,5700.5,69.7924163,10,100,Subj706,Ground,DM,70
6299.5,6300.5,71.58969029,11,110,Subj706,Ground,DM,80
6899.5,6900.5,72.16832783,12,120,Subj706,Ground,DM,90
7499.5,7500.5,68.32360239,13,130,Subj706,Ground,DM,100
8099.5,8100.5,55.94694982,14,140,Subj706,Ground,DM,110
10499.5,10500.5,70.40788026,18,180,Subj706,Ground,DM,150
11099.5,11100.5,66.82774317,19,190,Subj706,Ground,DM,160
11699.5,11700.5,69.05538247,20,200,Subj706,Ground,DM,170
12299.5,12300.5,72.62480589,21,210,Subj706,Ground,DM,180
12899.5,12900.5,77.49709712,22,220,Subj706,Ground,DM,190
13499.5,13500.5,75.82484187,23,230,Subj706,Ground,DM,200
14099.5,14100.5,73.83902336,24,240,Subj706,Ground,DM,210
14699.5,14700.5,76.63815844,25,250,Subj706,Ground,DM,220
15299.5,15300.5,77.23902657,26,260,Subj706,Ground,DM,230
15899.5,15900.5,72.83006795,27,270,Subj706,Ground,DM,240
16499.5,16500.5,64.84742237,28,280,Subj706,Ground,DM,250
17099.5,17100.5,73.26495144,29,290,Subj706,Ground,DM,260
17699.5,17700.5,70.27924702,30,300,Subj706,Ground,DM,270
2099.5,2100.5,64.52700245,4,40,Subj706,Ground,ND,10
2699.5,2700.5,63.5460431,5,50,Subj706,Ground,ND,20
3299.5,3300.5,62.57418341,6,60,Subj706,Ground,ND,30
3899.5,3900.5,62.11759536,7,70,Subj706,Ground,ND,40
4499.5,4500.5,62.10859356,8,80,Subj706,Ground,ND,50
5099.5,5100.5,62.49185252,9,90,Subj706,Ground,ND,60
5699.5,5700.5,64.04663684,10,100,Subj706,Ground,ND,70
6299.5,6300.5,66.42848332,11,110,Subj706,Ground,ND,80
6899.5,6900.5,67.75361065,12,120,Subj706,Ground,ND,90
7499.5,7500.5,64.08094873,13,130,Subj706,Ground,ND,100
8099.5,8100.5,69.26356446,14,140,Subj706,Ground,ND,110
10499.5,10500.5,65.76421217,18,180,Subj706,Ground,ND,150
11099.5,11100.5,62.18742672,19,190,Subj706,Ground,ND,160
11699.5,11700.5,63.70939806,20,200,Subj706,Ground,ND,170
12299.5,12300.5,63.47645624,21,210,Subj706,Ground,ND,180
12899.5,12900.5,68.99848638,22,220,Subj706,Ground,ND,190
13499.5,13500.5,68.35998403,23,230,Subj706,Ground,ND,200
14099.5,14100.5,65.48431859,24,240,Subj706,Ground,ND,210
14699.5,14700.5,65.62608854,25,250,Subj706,Ground,ND,220
15299.5,15300.5,65.67487906,26,260,Subj706,Ground,ND,230
15899.5,15900.5,65.97377565,27,270,Subj706,Ground,ND,240
16499.5,16500.5,68.069117,28,280,Subj706,Ground,ND,250
17099.5,17100.5,64.93771615,29,290,Subj706,Ground,ND,260
17699.5,17700.5,63.95668423,30,300,Subj706,Ground,ND,270
2699.5,2700.5,61.16864537,5,50,Subj708,Ground,DM,10
3299.5,3300.5,61.92186578,6,60,Subj708,Ground,DM,20
3899.5,3900.5,59.36966345,7,70,Subj708,Ground,DM,30
4499.5,4500.5,57.96844238,8,80,Subj708,Ground,DM,40
5099.5,5100.5,57.16052347,9,90,Subj708,Ground,DM,50
5699.5,5700.5,56.31332064,10,100,Subj708,Ground,DM,60
6299.5,6300.5,56.0451972,11,110,Subj708,Ground,DM,70
6899.5,6900.5,55.43275386,12,120,Subj708,Ground,DM,80
7499.5,7500.5,54.36332141,13,130,Subj708,Ground,DM,90
8099.5,8100.5,46.61371951,14,140,Subj708,Ground,DM,100
10499.5,10500.5,54.77197443,18,180,Subj708,Ground,DM,140
11099.5,11100.5,52.15255201,19,190,Subj708,Ground,DM,150
11699.5,11700.5,46.34328227,20,200,Subj708,Ground,DM,160
12299.5,12300.5,51.39143268,21,210,Subj708,Ground,DM,170
12899.5,12900.5,54.23545306,22,220,Subj708,Ground,DM,180
13499.5,13500.5,59.00833034,23,230,Subj708,Ground,DM,190
14099.5,14100.5,54.98099724,24,240,Subj708,Ground,DM,200
14699.5,14700.5,57.50073709,25,250,Subj708,Ground,DM,210
15299.5,15300.5,56.00253473,26,260,Subj708,Ground,DM,220
15899.5,15900.5,57.84073025,27,270,Subj708,Ground,DM,230
16499.5,16500.5,53.42457493,28,280,Subj708,Ground,DM,240
17099.5,17100.5,58.7648566,29,290,Subj708,Ground,DM,250
17699.5,17700.5,56.43867227,30,300,Subj708,Ground,DM,260
18299.5,18300.5,50.7427283,31,310,Subj708,Ground,DM,270
2699.5,2700.5,61.21503014,5,50,Subj708,Ground,ND,10
3299.5,3300.5,61.00365015,6,60,Subj708,Ground,ND,20
3899.5,3900.5,59.77819812,7,70,Subj708,Ground,ND,30
4499.5,4500.5,60.07920651,8,80,Subj708,Ground,ND,40
5099.5,5100.5,59.49081059,9,90,Subj708,Ground,ND,50
5699.5,5700.5,59.27885869,10,100,Subj708,Ground,ND,60
6299.5,6300.5,57.5797218,11,110,Subj708,Ground,ND,70
6899.5,6900.5,57.40379631,12,120,Subj708,Ground,ND,80
7499.5,7500.5,56.94040884,13,130,Subj708,Ground,ND,90
8099.5,8100.5,56.15273573,14,140,Subj708,Ground,ND,100
10499.5,10500.5,61.91870924,18,180,Subj708,Ground,ND,140
11099.5,11100.5,54.85880172,19,190,Subj708,Ground,ND,150
11699.5,11700.5,57.24533269,20,200,Subj708,Ground,ND,160
12299.5,12300.5,57.20679437,21,210,Subj708,Ground,ND,170
12899.5,12900.5,58.84394274,22,220,Subj708,Ground,ND,180
13499.5,13500.5,66.05498295,23,230,Subj708,Ground,ND,190
14099.5,14100.5,60.52266407,24,240,Subj708,Ground,ND,200
14699.5,14700.5,56.62260973,25,250,Subj708,Ground,ND,210
15299.5,15300.5,53.3676575,26,260,Subj708,Ground,ND,220
15899.5,15900.5,53.15616993,27,270,Subj708,Ground,ND,230
16499.5,16500.5,55.06749985,28,280,Subj708,Ground,ND,240
17099.5,17100.5,53.31189717,29,290,Subj708,Ground,ND,250
17699.5,17700.5,55.62834047,30,300,Subj708,Ground,ND,260
18299.5,18300.5,64.95515405,31,310,Subj708,Ground,ND,270
299.5,300.5,74.74211885,1,10,Subj709,Ladder,DM,10
899.5,900.5,66.06205134,2,20,Subj709,Ladder,DM,20
1499.5,1500.5,77.14137954,3,30,Subj709,Ladder,DM,30
2099.5,2100.5,76.13463453,4,40,Subj709,Ladder,DM,40
2699.5,2700.5,78.38041641,5,50,Subj709,Ladder,DM,50
3299.5,3300.5,75.69577036,6,60,Subj709,Ladder,DM,60
3899.5,3900.5,74.53260802,7,70,Subj709,Ladder,DM,70
4499.5,4500.5,74.91432897,8,80,Subj709,Ladder,DM,80
5099.5,5100.5,73.10164798,9,90,Subj709,Ladder,DM,90
7499.5,7500.5,61.04752556,13,130,Subj709,Ladder,DM,130
8099.5,8100.5,65.01616347,14,140,Subj709,Ladder,DM,140
8699.5,8700.5,59.34951996,15,150,Subj709,Ladder,DM,150
9299.5,9300.5,52.32137001,16,160,Subj709,Ladder,DM,160
9899.5,9900.5,61.95156691,17,170,Subj709,Ladder,DM,170
10499.5,10500.5,83.43451642,18,180,Subj709,Ladder,DM,180
11099.5,11100.5,81.53046936,19,190,Subj709,Ladder,DM,190
11699.5,11700.5,77.59531339,20,200,Subj709,Ladder,DM,200
12299.5,12300.5,73.35227195,21,210,Subj709,Ladder,DM,210
12899.5,12900.5,71.5782936,22,220,Subj709,Ladder,DM,220
13499.5,13500.5,73.98284495,23,230,Subj709,Ladder,DM,230
14099.5,14100.5,70.51294231,24,240,Subj709,Ladder,DM,240
14699.5,14700.5,71.61137897,25,250,Subj709,Ladder,DM,250
15299.5,15300.5,73.65754311,26,260,Subj709,Ladder,DM,260
15899.5,15900.5,72.1191798,27,270,Subj709,Ladder,DM,270
16499.5,16500.5,60.43294588,28,280,Subj709,Ladder,DM,280
17099.5,17100.5,64.46037231,29,290,Subj709,Ladder,DM,290
17699.5,17700.5,60.08048396,30,300,Subj709,Ladder,DM,300
899.5,900.5,77.48024652,2,20,Subj711,Ladder,ND,10
1499.5,1500.5,77.6041391,3,30,Subj711,Ladder,ND,20
2099.5,2100.5,74.03304087,4,40,Subj711,Ladder,ND,30
2699.5,2700.5,71.40415702,5,50,Subj711,Ladder,ND,40
3299.5,3300.5,70.67195918,6,60,Subj711,Ladder,ND,50
3899.5,3900.5,70.75742436,7,70,Subj711,Ladder,ND,60
4499.5,4500.5,70.87955495,8,80,Subj711,Ladder,ND,70
5099.5,5100.5,72.62420832,9,90,Subj711,Ladder,ND,80
5699.5,5700.5,70.65760724,10,100,Subj711,Ladder,ND,90
6299.5,6300.5,71.79984626,11,110,Subj711,Ladder,ND,100
6899.5,6900.5,70.93145785,12,120,Subj711,Ladder,ND,110
7499.5,7500.5,71.69819896,13,130,Subj711,Ladder,ND,120
9899.5,9900.5,73.70122859,17,170,Subj711,Ladder,ND,160
10499.5,10500.5,72.30982986,18,180,Subj711,Ladder,ND,170
11099.5,11100.5,74.25439936,19,190,Subj711,Ladder,ND,180
11699.5,11700.5,72.77104078,20,200,Subj711,Ladder,ND,190
12299.5,12300.5,68.75937152,21,210,Subj711,Ladder,ND,200
12899.5,12900.5,68.69962909,22,220,Subj711,Ladder,ND,210
13499.5,13500.5,65.77427716,23,230,Subj711,Ladder,ND,220
14099.5,14100.5,67.53506774,24,240,Subj711,Ladder,ND,230
14699.5,14700.5,67.77784387,25,250,Subj711,Ladder,ND,240
15299.5,15300.5,64.67953328,26,260,Subj711,Ladder,ND,250
15899.5,15900.5,62.46481414,27,270,Subj711,Ladder,ND,260
16499.5,16500.5,63.2185199,28,280,Subj711,Ladder,ND,270
17099.5,17100.5,63.08269113,29,290,Subj711,Ladder,ND,280
17699.5,17700.5,62.946913,30,300,Subj711,Ladder,ND,290
18299.5,18300.5,62.21678724,31,310,Subj711,Ladder,ND,300
2699.5,2700.5,44.10077111,5,50,Subj713,Ladder,DM,10
3299.5,3300.5,44.09549155,6,60,Subj713,Ladder,DM,20
3899.5,3900.5,44.47491583,7,70,Subj713,Ladder,DM,30
4499.5,4500.5,42.31325586,8,80,Subj713,Ladder,DM,40
5099.5,5100.5,41.94261278,9,90,Subj713,Ladder,DM,50
5699.5,5700.5,42.83887051,10,100,Subj713,Ladder,DM,60
6299.5,6300.5,41.95937307,11,110,Subj713,Ladder,DM,70
6899.5,6900.5,42.61348985,12,120,Subj713,Ladder,DM,80
7499.5,7500.5,42.16681448,13,130,Subj713,Ladder,DM,90
8099.5,8100.5,42.54475455,14,140,Subj713,Ladder,DM,100
8699.5,8700.5,41.89529558,15,150,Subj713,Ladder,DM,110
11099.5,11100.5,38.03887223,19,190,Subj713,Ladder,DM,150
11699.5,11700.5,41.44176175,20,200,Subj713,Ladder,DM,160
12299.5,12300.5,40.86277038,21,210,Subj713,Ladder,DM,170
12899.5,12900.5,41.39763621,22,220,Subj713,Ladder,DM,180
13499.5,13500.5,40.99342975,23,230,Subj713,Ladder,DM,190
14099.5,14100.5,41.79728262,24,240,Subj713,Ladder,DM,200
14699.5,14700.5,43.13033809,25,250,Subj713,Ladder,DM,210
15299.5,15300.5,47.85669101,26,260,Subj713,Ladder,DM,220
15899.5,15900.5,47.05043317,27,270,Subj713,Ladder,DM,230
16499.5,16500.5,46.23631216,28,280,Subj713,Ladder,DM,240
17099.5,17100.5,46.97506604,29,290,Subj713,Ladder,DM,250
17699.5,17700.5,44.93468992,30,300,Subj713,Ladder,DM,260
18299.5,18300.5,45.72424086,31,310,Subj713,Ladder,DM,270
18899.5,18900.5,42.65376527,32,320,Subj713,Ladder,DM,280
19499.5,19500.5,40.74513562,33,330,Subj713,Ladder,DM,290
20099.5,20100.5,41.96031768,34,340,Subj713,Ladder,DM,300
20699.5,20700.5,34.89100379,35,350,Subj713,Ladder,DM,310
21299.5,21300.5,37.50395421,36,360,Subj713,Ladder,DM,320
21899.5,21900.5,37.87325473,37,370,Subj713,Ladder,DM,330
22499.5,22500.5,38.77543122,38,380,Subj713,Ladder,DM,340
23099.5,23100.5,36.93859425,39,390,Subj713,Ladder,DM,350
23699.5,23700.5,36.02325592,40,400,Subj713,Ladder,DM,360
24299.5,24300.5,36.88595065,41,410,Subj713,Ladder,DM,370
24899.5,24900.5,37.09268098,42,420,Subj713,Ladder,DM,380
25499.5,25500.5,39.45741139,43,430,Subj713,Ladder,DM,390
26001,26002,37.70121706,44,440,Subj713,Ladder,DM,400
2699.5,2700.5,49.61805546,5,50,Subj713,Ladder,ND,10
3299.5,3300.5,48.32910966,6,60,Subj713,Ladder,ND,20
3899.5,3900.5,46.85790819,7,70,Subj713,Ladder,ND,30
4499.5,4500.5,46.66806271,8,80,Subj713,Ladder,ND,40
5099.5,5100.5,48.96636974,9,90,Subj713,Ladder,ND,50
5699.5,5700.5,48.26480745,10,100,Subj713,Ladder,ND,60
6299.5,6300.5,47.76272973,11,110,Subj713,Ladder,ND,70
6899.5,6900.5,48.47454839,12,120,Subj713,Ladder,ND,80
7499.5,7500.5,47.81500845,13,130,Subj713,Ladder,ND,90
8099.5,8100.5,49.25176475,14,140,Subj713,Ladder,ND,100
8699.5,8700.5,48.95954211,15,150,Subj713,Ladder,ND,110
11099.5,11100.5,55.96583774,19,190,Subj713,Ladder,ND,150
11699.5,11700.5,44.59529559,20,200,Subj713,Ladder,ND,160
12299.5,12300.5,44.43187944,21,210,Subj713,Ladder,ND,170
12899.5,12900.5,46.31898412,22,220,Subj713,Ladder,ND,180
13499.5,13500.5,45.50312432,23,230,Subj713,Ladder,ND,190
14099.5,14100.5,46.46076719,24,240,Subj713,Ladder,ND,200
14699.5,14700.5,45.62187438,25,250,Subj713,Ladder,ND,210
15299.5,15300.5,45.8458457,26,260,Subj713,Ladder,ND,220
15899.5,15900.5,46.83055727,27,270,Subj713,Ladder,ND,230
16499.5,16500.5,46.48381703,28,280,Subj713,Ladder,ND,240
17099.5,17100.5,47.43228837,29,290,Subj713,Ladder,ND,250
17699.5,17700.5,45.11454324,30,300,Subj713,Ladder,ND,260
18299.5,18300.5,45.75266184,31,310,Subj713,Ladder,ND,270
18899.5,18900.5,46.99537741,32,320,Subj713,Ladder,ND,280
19499.5,19500.5,47.93157339,33,330,Subj713,Ladder,ND,290
20099.5,20100.5,45.58505204,34,340,Subj713,Ladder,ND,300
20699.5,20700.5,51.558926,35,350,Subj713,Ladder,ND,310
21299.5,21300.5,43.95340606,36,360,Subj713,Ladder,ND,320
21899.5,21900.5,43.94582743,37,370,Subj713,Ladder,ND,330
22499.5,22500.5,45.26200827,38,380,Subj713,Ladder,ND,340
23099.5,23100.5,43.39956955,39,390,Subj713,Ladder,ND,350
23699.5,23700.5,41.08431988,40,400,Subj713,Ladder,ND,360
24299.5,24300.5,39.91828411,41,410,Subj713,Ladder,ND,370
24899.5,24900.5,39.10780895,42,420,Subj713,Ladder,ND,380
25499.5,25500.5,36.65643684,43,430,Subj713,Ladder,ND,390
26001,26002,36.18336144,44,440,Subj713,Ladder,ND,400
2699.5,2700.5,67.3024884,5,50,Subj714,Ladder,DM,10
3299.5,3300.5,66.64316036,6,60,Subj714,Ladder,DM,20
3899.5,3900.5,66.19237203,7,70,Subj714,Ladder,DM,30
4499.5,4500.5,62.55317417,8,80,Subj714,Ladder,DM,40
5099.5,5100.5,61.72320826,9,90,Subj714,Ladder,DM,50
5699.5,5700.5,62.83000868,10,100,Subj714,Ladder,DM,60
6299.5,6300.5,60.58093401,11,110,Subj714,Ladder,DM,70
6899.5,6900.5,60.81358343,12,120,Subj714,Ladder,DM,80
7499.5,7500.5,63.07965883,13,130,Subj714,Ladder,DM,90
8099.5,8100.5,63.7126809,14,140,Subj714,Ladder,DM,100
8699.5,8700.5,62.68711962,15,150,Subj714,Ladder,DM,110
11099.5,11100.5,66.17626524,19,190,Subj714,Ladder,DM,150
11699.5,11700.5,64.71877702,20,200,Subj714,Ladder,DM,160
12299.5,12300.5,63.81458071,21,210,Subj714,Ladder,DM,170
12899.5,12900.5,62.67250994,22,220,Subj714,Ladder,DM,180
13499.5,13500.5,62.93527607,23,230,Subj714,Ladder,DM,190
14099.5,14100.5,62.56642154,24,240,Subj714,Ladder,DM,200
14699.5,14700.5,63.74462156,25,250,Subj714,Ladder,DM,210
15299.5,15300.5,62.06810901,26,260,Subj714,Ladder,DM,220
15899.5,15900.5,60.75192826,27,270,Subj714,Ladder,DM,230
16499.5,16500.5,61.21602282,28,280,Subj714,Ladder,DM,240
17099.5,17100.5,76.1142429,29,290,Subj714,Ladder,DM,250
17699.5,17700.5,72.74989836,30,300,Subj714,Ladder,DM,260
18299.5,18300.5,74.61659098,31,310,Subj714,Ladder,DM,270
18899.5,18900.5,75.02699781,32,320,Subj714,Ladder,DM,280
19499.5,19500.5,70.62195338,33,330,Subj714,Ladder,DM,290
20099.5,20100.5,71.40186869,34,340,Subj714,Ladder,DM,300
20699.5,20700.5,67.53424812,35,350,Subj714,Ladder,DM,310
21299.5,21300.5,63.93067088,36,360,Subj714,Ladder,DM,320
21899.5,21900.5,66.5315035,37,370,Subj714,Ladder,DM,330
22499.5,22500.5,63.17125638,38,380,Subj714,Ladder,DM,340
23099.5,23100.5,64.00605063,39,390,Subj714,Ladder,DM,350
23699.5,23700.5,65.29400794,40,400,Subj714,Ladder,DM,360
24299.5,24300.5,66.79398509,41,410,Subj714,Ladder,DM,370
24899.5,24900.5,68.31105004,42,420,Subj714,Ladder,DM,380
25499.5,25500.5,67.63272932,43,430,Subj714,Ladder,DM,390
26099.5,26100.5,64.58529217,44,440,Subj714,Ladder,DM,400
26699.5,26700.5,62.45472193,45,450,Subj714,Ladder,DM,410
27299.5,27300.5,58.60899044,46,460,Subj714,Ladder,DM,420
27899.5,27900.5,58.08727334,47,470,Subj714,Ladder,DM,430
28499.5,28500.5,56.40326425,48,480,Subj714,Ladder,DM,440
29099.5,29100.5,55.28801275,49,490,Subj714,Ladder,DM,450
2699.5,2700.5,74.13042514,5,50,Subj714,Ladder,ND,10
3299.5,3300.5,73.16265318,6,60,Subj714,Ladder,ND,20
3899.5,3900.5,68.79436378,7,70,Subj714,Ladder,ND,30
4499.5,4500.5,70.92544854,8,80,Subj714,Ladder,ND,40
5099.5,5100.5,68.91107841,9,90,Subj714,Ladder,ND,50
5699.5,5700.5,66.84563503,10,100,Subj714,Ladder,ND,60
6299.5,6300.5,66.54994214,11,110,Subj714,Ladder,ND,70
6899.5,6900.5,68.51812887,12,120,Subj714,Ladder,ND,80
7499.5,7500.5,68.32681312,13,130,Subj714,Ladder,ND,90
8099.5,8100.5,68.87826931,14,140,Subj714,Ladder,ND,100
8699.5,8700.5,68.70898934,15,150,Subj714,Ladder,ND,110
11099.5,11100.5,53.98464749,19,190,Subj714,Ladder,ND,150
11699.5,11700.5,72.82235584,20,200,Subj714,Ladder,ND,160
12299.5,12300.5,70.24648682,21,210,Subj714,Ladder,ND,170
12899.5,12900.5,69.34804056,22,220,Subj714,Ladder,ND,180
13499.5,13500.5,68.69645657,23,230,Subj714,Ladder,ND,190
14099.5,14100.5,69.45725884,24,240,Subj714,Ladder,ND,200
14699.5,14700.5,67.70493775,25,250,Subj714,Ladder,ND,210
15299.5,15300.5,67.38950849,26,260,Subj714,Ladder,ND,220
15899.5,15900.5,68.98645413,27,270,Subj714,Ladder,ND,230
16499.5,16500.5,68.4567107,28,280,Subj714,Ladder,ND,240
17099.5,17100.5,64.94215118,29,290,Subj714,Ladder,ND,250
17699.5,17700.5,66.73132932,30,300,Subj714,Ladder,ND,260
18299.5,18300.5,65.79452882,31,310,Subj714,Ladder,ND,270
18899.5,18900.5,66.42592086,32,320,Subj714,Ladder,ND,280
19499.5,19500.5,68.45024222,33,330,Subj714,Ladder,ND,290
20099.5,20100.5,67.45146017,34,340,Subj714,Ladder,ND,300
20699.5,20700.5,68.47309485,35,350,Subj714,Ladder,ND,310
21299.5,21300.5,66.32883024,36,360,Subj714,Ladder,ND,320
21899.5,21900.5,69.54285773,37,370,Subj714,Ladder,ND,330
22499.5,22500.5,68.42783335,38,380,Subj714,Ladder,ND,340
23099.5,23100.5,67.30456742,39,390,Subj714,Ladder,ND,350
23699.5,23700.5,68.54171675,40,400,Subj714,Ladder,ND,360
24299.5,24300.5,66.40063478,41,410,Subj714,Ladder,ND,370
24899.5,24900.5,67.93298626,42,420,Subj714,Ladder,ND,380
25499.5,25500.5,66.86553078,43,430,Subj714,Ladder,ND,390
26099.5,26100.5,65.54262563,44,440,Subj714,Ladder,ND,400
26699.5,26700.5,65.83591815,45,450,Subj714,Ladder,ND,410
27299.5,27300.5,65.69149263,46,460,Subj714,Ladder,ND,420
27899.5,27900.5,66.91303279,47,470,Subj714,Ladder,ND,430
28499.5,28500.5,64.68831794,48,480,Subj714,Ladder,ND,440
29099.5,29100.5,65.50519626,49,490,Subj714,Ladder,ND,450
2699.5,2700.5,66.15944916,5,50,Subj715,Ladder,DM,10
3299.5,3300.5,66.19490107,6,60,Subj715,Ladder,DM,20
3899.5,3900.5,69.44424006,7,70,Subj715,Ladder,DM,30
4499.5,4500.5,63.9733154,8,80,Subj715,Ladder,DM,40
5099.5,5100.5,62.456004,9,90,Subj715,Ladder,DM,50
5699.5,5700.5,61.67185119,10,100,Subj715,Ladder,DM,60
6299.5,6300.5,61.57277813,11,110,Subj715,Ladder,DM,70
6899.5,6900.5,62.57625678,12,120,Subj715,Ladder,DM,80
7499.5,7500.5,61.39825281,13,130,Subj715,Ladder,DM,90
8099.5,8100.5,63.41658333,14,140,Subj715,Ladder,DM,100
10499.5,10500.5,60.40494008,18,180,Subj715,Ladder,DM,140
11099.5,11100.5,62.7769892,19,190,Subj715,Ladder,DM,150
11699.5,11700.5,63.57409327,20,200,Subj715,Ladder,DM,160
12299.5,12300.5,62.73827468,21,210,Subj715,Ladder,DM,170
12899.5,12900.5,61.99887253,22,220,Subj715,Ladder,DM,180
13499.5,13500.5,62.16159176,23,230,Subj715,Ladder,DM,190
14099.5,14100.5,60.75747691,24,240,Subj715,Ladder,DM,200
14699.5,14700.5,60.6005797,25,250,Subj715,Ladder,DM,210
15299.5,15300.5,58.67351033,26,260,Subj715,Ladder,DM,220
15899.5,15900.5,58.83510715,27,270,Subj715,Ladder,DM,230
16499.5,16500.5,60.81418818,28,280,Subj715,Ladder,DM,240
17099.5,17100.5,60.05712732,29,290,Subj715,Ladder,DM,250
17699.5,17700.5,61.94670681,30,300,Subj715,Ladder,DM,260
18299.5,18300.5,60.48359168,31,310,Subj715,Ladder,DM,270
18899.5,18900.5,62.879834,32,320,Subj715,Ladder,DM,280
19499.5,19500.5,64.89327673,33,330,Subj715,Ladder,DM,290
20099.5,20100.5,67.30312618,34,340,Subj715,Ladder,DM,300
20699.5,20700.5,67.24413203,35,350,Subj715,Ladder,DM,310
21299.5,21300.5,69.78488376,36,360,Subj715,Ladder,DM,320
21899.5,21900.5,72.26999416,37,370,Subj715,Ladder,DM,330
22499.5,22500.5,71.19984086,38,380,Subj715,Ladder,DM,340
23099.5,23100.5,71.93496738,39,390,Subj715,Ladder,DM,350
23699.5,23700.5,70.10085157,40,400,Subj715,Ladder,DM,360
24299.5,24300.5,72.14321333,41,410,Subj715,Ladder,DM,370
24899.5,24900.5,68.77403453,42,420,Subj715,Ladder,DM,380
25499.5,25500.5,67.37493429,43,430,Subj715,Ladder,DM,390
26099.5,26100.5,68.3404165,44,440,Subj715,Ladder,DM,400
26699.5,26700.5,64.33866597,45,450,Subj715,Ladder,DM,410
27299.5,27300.5,64.253743,46,460,Subj715,Ladder,DM,420
27899.5,27900.5,66.50418714,47,470,Subj715,Ladder,DM,430
28499.5,28500.5,62.45328958,48,480,Subj715,Ladder,DM,440
29099.5,29100.5,57.38999966,49,490,Subj715,Ladder,DM,450
2699.5,2700.5,69.09994937,5,50,Subj715,Ladder,ND,10
3299.5,3300.5,66.98974785,6,60,Subj715,Ladder,ND,20
3899.5,3900.5,74.33771989,7,70,Subj715,Ladder,ND,30
4499.5,4500.5,64.03833031,8,80,Subj715,Ladder,ND,40
5099.5,5100.5,63.59143802,9,90,Subj715,Ladder,ND,50
5699.5,5700.5,64.1349974,10,100,Subj715,Ladder,ND,60
6299.5,6300.5,66.76474409,11,110,Subj715,Ladder,ND,70
6899.5,6900.5,65.77093661,12,120,Subj715,Ladder,ND,80
7499.5,7500.5,64.88799189,13,130,Subj715,Ladder,ND,90
8099.5,8100.5,69.99020956,14,140,Subj715,Ladder,ND,100
10499.5,10500.5,66.00059968,18,180,Subj715,Ladder,ND,140
11099.5,11100.5,67.65696405,19,190,Subj715,Ladder,ND,150
11699.5,11700.5,64.16294971,20,200,Subj715,Ladder,ND,160
12299.5,12300.5,64.07980227,21,210,Subj715,Ladder,ND,170
12899.5,12900.5,63.51555521,22,220,Subj715,Ladder,ND,180
13499.5,13500.5,64.14662822,23,230,Subj715,Ladder,ND,190
14099.5,14100.5,64.45994075,24,240,Subj715,Ladder,ND,200
14699.5,14700.5,61.81132639,25,250,Subj715,Ladder,ND,210
15299.5,15300.5,63.72215067,26,260,Subj715,Ladder,ND,220
15899.5,15900.5,66.47789459,27,270,Subj715,Ladder,ND,230
16499.5,16500.5,73.69659221,28,280,Subj715,Ladder,ND,240
17099.5,17100.5,78.0199864,29,290,Subj715,Ladder,ND,250
17699.5,17700.5,82.65934328,30,300,Subj715,Ladder,ND,260
18299.5,18300.5,81.09107992,31,310,Subj715,Ladder,ND,270
18899.5,18900.5,80.77884346,32,320,Subj715,Ladder,ND,280
19499.5,19500.5,81.52078364,33,330,Subj715,Ladder,ND,290
20099.5,20100.5,76.65744626,34,340,Subj715,Ladder,ND,300
20699.5,20700.5,74.68174109,35,350,Subj715,Ladder,ND,310
21299.5,21300.5,75.10641381,36,360,Subj715,Ladder,ND,320
21899.5,21900.5,76.16181594,37,370,Subj715,Ladder,ND,330
22499.5,22500.5,75.53338346,38,380,Subj715,Ladder,ND,340
23099.5,23100.5,73.75859821,39,390,Subj715,Ladder,ND,350
23699.5,23700.5,73.7403556,40,400,Subj715,Ladder,ND,360
24299.5,24300.5,73.09806117,41,410,Subj715,Ladder,ND,370
24899.5,24900.5,72.18755376,42,420,Subj715,Ladder,ND,380
25499.5,25500.5,70.49844597,43,430,Subj715,Ladder,ND,390
26099.5,26100.5,68.99959969,44,440,Subj715,Ladder,ND,400
26699.5,26700.5,64.88248987,45,450,Subj715,Ladder,ND,410
27299.5,27300.5,65.44998594,46,460,Subj715,Ladder,ND,420
27899.5,27900.5,64.26166981,47,470,Subj715,Ladder,ND,430
28499.5,28500.5,62.3321245,48,480,Subj715,Ladder,ND,440
29099.5,29100.5,62.89787009,49,490,Subj715,Ladder,ND,450
1499.5,1500.5,49.34394916,3,30,Subj716,Ladder,DM,10
2099.5,2100.5,49.42599773,4,40,Subj716,Ladder,DM,20
2699.5,2700.5,48.69987648,5,50,Subj716,Ladder,DM,30
3299.5,3300.5,47.81768639,6,60,Subj716,Ladder,DM,40
3899.5,3900.5,49.62531219,7,70,Subj716,Ladder,DM,50
4499.5,4500.5,48.42717227,8,80,Subj716,Ladder,DM,60
5099.5,5100.5,50.1176656,9,90,Subj716,Ladder,DM,70
5699.5,5700.5,48.26023501,10,100,Subj716,Ladder,DM,80
6299.5,6300.5,48.55838554,11,110,Subj716,Ladder,DM,90
6899.5,6900.5,48.08778992,12,120,Subj716,Ladder,DM,100
7499.5,7500.5,46.87730282,13,130,Subj716,Ladder,DM,110
8099.5,8100.5,48.38325796,14,140,Subj716,Ladder,DM,120
10499.5,10500.5,47.57438255,18,180,Subj716,Ladder,DM,160
11099.5,11100.5,48.06989456,19,190,Subj716,Ladder,DM,170
11699.5,11700.5,49.91121641,20,200,Subj716,Ladder,DM,180
12299.5,12300.5,50.95216377,21,210,Subj716,Ladder,DM,190
12899.5,12900.5,49.63614645,22,220,Subj716,Ladder,DM,200
13499.5,13500.5,49.42100685,23,230,Subj716,Ladder,DM,210
14099.5,14100.5,57.65759745,24,240,Subj716,Ladder,DM,220
14699.5,14700.5,57.51282737,25,250,Subj716,Ladder,DM,230
15299.5,15300.5,54.27715834,26,260,Subj716,Ladder,DM,240
15899.5,15900.5,54.85571346,27,270,Subj716,Ladder,DM,250
16499.5,16500.5,54.390939,28,280,Subj716,Ladder,DM,260
17099.5,17100.5,52.90886481,29,290,Subj716,Ladder,DM,270
17699.5,17700.5,52.96334923,30,300,Subj716,Ladder,DM,280
18299.5,18300.5,51.36157009,31,310,Subj716,Ladder,DM,290
18899.5,18900.5,53.22365922,32,320,Subj716,Ladder,DM,300
19499.5,19500.5,53.63343201,33,330,Subj716,Ladder,DM,310
20099.5,20100.5,54.60469879,34,340,Subj716,Ladder,DM,320
20699.5,20700.5,52.70913645,35,350,Subj716,Ladder,DM,330
21299.5,21300.5,55.62189593,36,360,Subj716,Ladder,DM,340
21899.5,21900.5,54.36028026,37,370,Subj716,Ladder,DM,350
22499.5,22500.5,54.81523679,38,380,Subj716,Ladder,DM,360
23099.5,23100.5,53.69863669,39,390,Subj716,Ladder,DM,370
23699.5,23700.5,53.21999134,40,400,Subj716,Ladder,DM,380
24299.5,24300.5,50.18614201,41,410,Subj716,Ladder,DM,390
24899.5,24900.5,48.92925555,42,420,Subj716,Ladder,DM,400
25499.5,25500.5,49.56869397,43,430,Subj716,Ladder,DM,410
26099.5,26100.5,50.5517252,44,440,Subj716,Ladder,DM,420
1499.5,1500.5,50.7067754,3,30,Subj716,Ladder,ND,10
2099.5,2100.5,50.72545093,4,40,Subj716,Ladder,ND,20
2699.5,2700.5,51.5976878,5,50,Subj716,Ladder,ND,30
3299.5,3300.5,49.11726457,6,60,Subj716,Ladder,ND,40
3899.5,3900.5,51.99685836,7,70,Subj716,Ladder,ND,50
4499.5,4500.5,51.34413019,8,80,Subj716,Ladder,ND,60
5099.5,5100.5,50.93155057,9,90,Subj716,Ladder,ND,70
5699.5,5700.5,48.92604586,10,100,Subj716,Ladder,ND,80
6299.5,6300.5,48.56773869,11,110,Subj716,Ladder,ND,90
6899.5,6900.5,46.78630319,12,120,Subj716,Ladder,ND,100
7499.5,7500.5,50.03246027,13,130,Subj716,Ladder,ND,110
8099.5,8100.5,51.99271149,14,140,Subj716,Ladder,ND,120
10499.5,10500.5,52.64927883,18,180,Subj716,Ladder,ND,160
11099.5,11100.5,51.46346541,19,190,Subj716,Ladder,ND,170
11699.5,11700.5,51.65204047,20,200,Subj716,Ladder,ND,180
12299.5,12300.5,51.6200691,21,210,Subj716,Ladder,ND,190
12899.5,12900.5,50.98444839,22,220,Subj716,Ladder,ND,200
13499.5,13500.5,50.89008496,23,230,Subj716,Ladder,ND,210
14099.5,14100.5,51.76170722,24,240,Subj716,Ladder,ND,220
14699.5,14700.5,53.15187719,25,250,Subj716,Ladder,ND,230
15299.5,15300.5,54.37177891,26,260,Subj716,Ladder,ND,240
15899.5,15900.5,54.467019,27,270,Subj716,Ladder,ND,250
16499.5,16500.5,56.83695438,28,280,Subj716,Ladder,ND,260
17099.5,17100.5,54.68338237,29,290,Subj716,Ladder,ND,270
17699.5,17700.5,56.60721537,30,300,Subj716,Ladder,ND,280
18299.5,18300.5,54.60170224,31,310,Subj716,Ladder,ND,290
18899.5,18900.5,57.35337194,32,320,Subj716,Ladder,ND,300
19499.5,19500.5,51.48426865,33,330,Subj716,Ladder,ND,310
20099.5,20100.5,53.01011792,34,340,Subj716,Ladder,ND,320
20699.5,20700.5,55.73337153,35,350,Subj716,Ladder,ND,330
21299.5,21300.5,55.61416649,36,360,Subj716,Ladder,ND,340
21899.5,21900.5,55.64436425,37,370,Subj716,Ladder,ND,350
22499.5,22500.5,52.62647493,38,380,Subj716,Ladder,ND,360
23099.5,23100.5,50.65174722,39,390,Subj716,Ladder,ND,370
23699.5,23700.5,47.52390782,40,400,Subj716,Ladder,ND,380
24299.5,24300.5,45.80067827,41,410,Subj716,Ladder,ND,390
24899.5,24900.5,44.22813129,42,420,Subj716,Ladder,ND,400
2099.5,2100.5,59.81872565,4,40,Subj717,Platform,DM,10
2699.5,2700.5,65.14423772,5,50,Subj717,Platform,DM,20
3299.5,3300.5,63.97307406,6,60,Subj717,Platform,DM,30
3899.5,3900.5,64.55715059,7,70,Subj717,Platform,DM,40
4499.5,4500.5,61.64248417,8,80,Subj717,Platform,DM,50
5099.5,5100.5,59.96771166,9,90,Subj717,Platform,DM,60
5699.5,5700.5,62.43267252,10,100,Subj717,Platform,DM,70
6299.5,6300.5,63.69789721,11,110,Subj717,Platform,DM,80
6899.5,6900.5,64.37766456,12,120,Subj717,Platform,DM,90
9299.5,9300.5,58.32720976,16,160,Subj717,Platform,DM,130
9899.5,9900.5,61.52996154,17,170,Subj717,Platform,DM,140
10499.5,10500.5,59.33138917,18,180,Subj717,Platform,DM,150
11099.5,11100.5,60.20557668,19,190,Subj717,Platform,DM,160
11699.5,11700.5,61.09082583,20,200,Subj717,Platform,DM,170
12299.5,12300.5,63.91392063,21,210,Subj717,Platform,DM,180
12899.5,12900.5,61.17789302,22,220,Subj717,Platform,DM,190
13499.5,13500.5,60.57970883,23,230,Subj717,Platform,DM,200
14099.5,14100.5,60.00099014,24,240,Subj717,Platform,DM,210
14699.5,14700.5,58.17996747,25,250,Subj717,Platform,DM,220
15299.5,15300.5,58.03413886,26,260,Subj717,Platform,DM,230
15899.5,15900.5,60.03673779,27,270,Subj717,Platform,DM,240
16499.5,16500.5,58.62099212,28,280,Subj717,Platform,DM,250
17099.5,17100.5,59.98219821,29,290,Subj717,Platform,DM,260
17699.5,17700.5,58.59741677,30,300,Subj717,Platform,DM,270
18299.5,18300.5,60.74902047,31,310,Subj717,Platform,DM,280
18899.5,18900.5,61.08965144,32,320,Subj717,Platform,DM,290
19499.5,19500.5,60.9220757,33,330,Subj717,Platform,DM,300
20099.5,20100.5,61.80955705,34,340,Subj717,Platform,DM,310
20699.5,20700.5,61.35646104,35,350,Subj717,Platform,DM,320
21299.5,21300.5,59.75486867,36,360,Subj717,Platform,DM,330
21899.5,21900.5,61.97413544,37,370,Subj717,Platform,DM,340
22499.5,22500.5,59.23276816,38,380,Subj717,Platform,DM,350
23099.5,23100.5,61.7056556,39,390,Subj717,Platform,DM,360
23699.5,23700.5,62.78270626,40,400,Subj717,Platform,DM,370
24299.5,24300.5,62.47752276,41,410,Subj717,Platform,DM,380
24899.5,24900.5,62.03115594,42,420,Subj717,Platform,DM,390
25499.5,25500.5,62.69806545,43,430,Subj717,Platform,DM,400
26099.5,26100.5,63.25285915,44,440,Subj717,Platform,DM,410
26699.5,26700.5,63.98626239,45,450,Subj717,Platform,DM,420
27299.5,27300.5,63.09515759,46,460,Subj717,Platform,DM,430
27899.5,27900.5,64.06614594,47,470,Subj717,Platform,DM,440
28499.5,28500.5,60.65913642,48,480,Subj717,Platform,DM,450
2099.5,2100.5,65.29306117,4,40,Subj717,Platform,ND,10
2699.5,2700.5,59.70943874,5,50,Subj717,Platform,ND,20
3299.5,3300.5,59.14870174,6,60,Subj717,Platform,ND,30
3899.5,3900.5,62.37978027,7,70,Subj717,Platform,ND,40
4499.5,4500.5,59.40804733,8,80,Subj717,Platform,ND,50
5099.5,5100.5,60.73849052,9,90,Subj717,Platform,ND,60
5699.5,5700.5,60.41608807,10,100,Subj717,Platform,ND,70
6299.5,6300.5,65.5234821,11,110,Subj717,Platform,ND,80
6899.5,6900.5,63.1841857,12,120,Subj717,Platform,ND,90
9299.5,9300.5,60.89722319,16,160,Subj717,Platform,ND,130
9899.5,9900.5,68.84845727,17,170,Subj717,Platform,ND,140
10499.5,10500.5,65.15119397,18,180,Subj717,Platform,ND,150
11099.5,11100.5,65.6391351,19,190,Subj717,Platform,ND,160
11699.5,11700.5,62.00123025,20,200,Subj717,Platform,ND,170
12299.5,12300.5,63.0528053,21,210,Subj717,Platform,ND,180
12899.5,12900.5,63.41148746,22,220,Subj717,Platform,ND,190
13499.5,13500.5,63.63406332,23,230,Subj717,Platform,ND,200
14099.5,14100.5,62.75050033,24,240,Subj717,Platform,ND,210
14699.5,14700.5,62.88142183,25,250,Subj717,Platform,ND,220
15299.5,15300.5,63.47382324,26,260,Subj717,Platform,ND,230
15899.5,15900.5,62.91167975,27,270,Subj717,Platform,ND,240
16499.5,16500.5,59.54852674,28,280,Subj717,Platform,ND,250
17099.5,17100.5,60.54234092,29,290,Subj717,Platform,ND,260
17699.5,17700.5,59.66885045,30,300,Subj717,Platform,ND,270
18299.5,18300.5,61.69904393,31,310,Subj717,Platform,ND,280
18899.5,18900.5,60.75883588,32,320,Subj717,Platform,ND,290
19499.5,19500.5,60.21131527,33,330,Subj717,Platform,ND,300
20099.5,20100.5,60.23720205,34,340,Subj717,Platform,ND,310
20699.5,20700.5,60.55784903,35,350,Subj717,Platform,ND,320
21299.5,21300.5,59.39199156,36,360,Subj717,Platform,ND,330
21899.5,21900.5,57.51414073,37,370,Subj717,Platform,ND,340
22499.5,22500.5,57.4617327,38,380,Subj717,Platform,ND,350
23099.5,23100.5,61.2992652,39,390,Subj717,Platform,ND,360
23699.5,23700.5,60.62004743,40,400,Subj717,Platform,ND,370
24299.5,24300.5,61.26702942,41,410,Subj717,Platform,ND,380
24899.5,24900.5,59.01334995,42,420,Subj717,Platform,ND,390
25499.5,25500.5,59.59320423,43,430,Subj717,Platform,ND,400
1499.5,1500.5,50.87746083,3,30,Subj718,Platform,DM,10
2099.5,2100.5,53.09035248,4,40,Subj718,Platform,DM,20
2699.5,2700.5,56.12943233,5,50,Subj718,Platform,DM,30
3299.5,3300.5,54.35168577,6,60,Subj718,Platform,DM,40
3899.5,3900.5,54.23891949,7,70,Subj718,Platform,DM,50
4499.5,4500.5,52.91781146,8,80,Subj718,Platform,DM,60
5099.5,5100.5,55.22113145,9,90,Subj718,Platform,DM,70
5699.5,5700.5,53.93803604,10,100,Subj718,Platform,DM,80
6299.5,6300.5,54.88422868,11,110,Subj718,Platform,DM,90
6899.5,6900.5,53.11097793,12,120,Subj718,Platform,DM,100
9299.5,9300.5,49.75874822,16,160,Subj718,Platform,DM,140
9899.5,9900.5,51.34999937,17,170,Subj718,Platform,DM,150
10499.5,10500.5,53.82191098,18,180,Subj718,Platform,DM,160
11099.5,11100.5,54.43492378,19,190,Subj718,Platform,DM,170
11699.5,11700.5,51.24941742,20,200,Subj718,Platform,DM,180
12299.5,12300.5,54.72448975,21,210,Subj718,Platform,DM,190
12899.5,12900.5,53.94930624,22,220,Subj718,Platform,DM,200
13499.5,13500.5,52.96365158,23,230,Subj718,Platform,DM,210
14099.5,14100.5,53.72020798,24,240,Subj718,Platform,DM,220
14699.5,14700.5,55.44309067,25,250,Subj718,Platform,DM,230
15299.5,15300.5,53.6698387,26,260,Subj718,Platform,DM,240
15899.5,15900.5,55.08469907,27,270,Subj718,Platform,DM,250
16499.5,16500.5,54.30332739,28,280,Subj718,Platform,DM,260
17099.5,17100.5,55.17331753,29,290,Subj718,Platform,DM,270
17699.5,17700.5,53.90257558,30,300,Subj718,Platform,DM,280
18299.5,18300.5,53.48603381,31,310,Subj718,Platform,DM,290
18899.5,18900.5,54.45932706,32,320,Subj718,Platform,DM,300
19499.5,19500.5,54.95668728,33,330,Subj718,Platform,DM,310
20099.5,20100.5,55.67537196,34,340,Subj718,Platform,DM,320
20699.5,20700.5,54.97449166,35,350,Subj718,Platform,DM,330
21299.5,21300.5,57.02372703,36,360,Subj718,Platform,DM,340
21899.5,21900.5,55.61960455,37,370,Subj718,Platform,DM,350
22499.5,22500.5,54.39531987,38,380,Subj718,Platform,DM,360
23099.5,23100.5,53.14959142,39,390,Subj718,Platform,DM,370
23699.5,23700.5,53.61810603,40,400,Subj718,Platform,DM,380
24299.5,24300.5,53.44346328,41,410,Subj718,Platform,DM,390
24899.5,24900.5,55.40963193,42,420,Subj718,Platform,DM,400
25499.5,25500.5,52.44720655,43,430,Subj718,Platform,DM,410
26099.5,26100.5,55.27916411,44,440,Subj718,Platform,DM,420
26699.5,26700.5,56.08690714,45,450,Subj718,Platform,DM,430
27299.5,27300.5,56.3667394,46,460,Subj718,Platform,DM,440
27899.5,27900.5,57.87254398,47,470,Subj718,Platform,DM,450
1499.5,1500.5,48.0191074,3,30,Subj718,Platform,ND,10
2099.5,2100.5,47.11899287,4,40,Subj718,Platform,ND,20
2699.5,2700.5,47.66198408,5,50,Subj718,Platform,ND,30
3299.5,3300.5,47.49323864,6,60,Subj718,Platform,ND,40
3899.5,3900.5,47.83204561,7,70,Subj718,Platform,ND,50
4499.5,4500.5,47.09146977,8,80,Subj718,Platform,ND,60
5099.5,5100.5,47.10750115,9,90,Subj718,Platform,ND,70
5699.5,5700.5,45.61189962,10,100,Subj718,Platform,ND,80
6299.5,6300.5,48.21264093,11,110,Subj718,Platform,ND,90
6899.5,6900.5,46.26506801,12,120,Subj718,Platform,ND,100
9299.5,9300.5,44.69231651,16,160,Subj718,Platform,ND,140
9899.5,9900.5,45.59799234,17,170,Subj718,Platform,ND,150
10499.5,10500.5,44.40867842,18,180,Subj718,Platform,ND,160
11099.5,11100.5,44.53891119,19,190,Subj718,Platform,ND,170
11699.5,11700.5,43.73456475,20,200,Subj718,Platform,ND,180
12299.5,12300.5,45.0205495,21,210,Subj718,Platform,ND,190
12899.5,12900.5,44.18384686,22,220,Subj718,Platform,ND,200
13499.5,13500.5,45.06879087,23,230,Subj718,Platform,ND,210
14099.5,14100.5,45.48912169,24,240,Subj718,Platform,ND,220
14699.5,14700.5,44.72517592,25,250,Subj718,Platform,ND,230
15299.5,15300.5,45.43503085,26,260,Subj718,Platform,ND,240
15899.5,15900.5,46.45451869,27,270,Subj718,Platform,ND,250
16499.5,16500.5,45.6857888,28,280,Subj718,Platform,ND,260
17099.5,17100.5,46.53030374,29,290,Subj718,Platform,ND,270
17699.5,17700.5,46.07410069,30,300,Subj718,Platform,ND,280
18299.5,18300.5,46.04890914,31,310,Subj718,Platform,ND,290
18899.5,18900.5,45.05094499,32,320,Subj718,Platform,ND,300
19499.5,19500.5,45.09304711,33,330,Subj718,Platform,ND,310
20099.5,20100.5,47.59240477,34,340,Subj718,Platform,ND,320
20699.5,20700.5,46.1879833,35,350,Subj718,Platform,ND,330
21299.5,21300.5,45.7597762,36,360,Subj718,Platform,ND,340
21899.5,21900.5,45.75431902,37,370,Subj718,Platform,ND,350
22499.5,22500.5,45.14933288,38,380,Subj718,Platform,ND,360
23099.5,23100.5,44.35448226,39,390,Subj718,Platform,ND,370
23699.5,23700.5,44.71812369,40,400,Subj718,Platform,ND,380
24299.5,24300.5,46.41777323,41,410,Subj718,Platform,ND,390
24899.5,24900.5,45.8242582,42,420,Subj718,Platform,ND,400
25499.5,25500.5,43.95906196,43,430,Subj718,Platform,ND,410
26099.5,26100.5,44.86794416,44,440,Subj718,Platform,ND,420
26699.5,26700.5,46.81894162,45,450,Subj718,Platform,ND,430
27299.5,27300.5,45.99859898,46,460,Subj718,Platform,ND,440
27899.5,27900.5,48.52928751,47,470,Subj718,Platform,ND,450
1499.5,1500.5,53.66871226,3,30,Subj719,Platform,DM,10
2099.5,2100.5,52.20449116,4,40,Subj719,Platform,DM,20
2699.5,2700.5,51.61982957,5,50,Subj719,Platform,DM,30
3299.5,3300.5,53.66886054,6,60,Subj719,Platform,DM,40
3899.5,3900.5,50.96365655,7,70,Subj719,Platform,DM,50
4499.5,4500.5,49.30489385,8,80,Subj719,Platform,DM,60
5099.5,5100.5,50.27730633,9,90,Subj719,Platform,DM,70
5699.5,5700.5,49.47198289,10,100,Subj719,Platform,DM,80
6299.5,6300.5,50.46992787,11,110,Subj719,Platform,DM,90
6899.5,6900.5,50.30465291,12,120,Subj719,Platform,DM,100
9299.5,9300.5,49.61431407,16,160,Subj719,Platform,DM,140
9899.5,9900.5,48.48405551,17,170,Subj719,Platform,DM,150
10499.5,10500.5,48.11901782,18,180,Subj719,Platform,DM,160
11099.5,11100.5,48.8331993,19,190,Subj719,Platform,DM,170
11699.5,11700.5,49.79711669,20,200,Subj719,Platform,DM,180
12299.5,12300.5,50.28630181,21,210,Subj719,Platform,DM,190
12899.5,12900.5,48.64275097,22,220,Subj719,Platform,DM,200
13499.5,13500.5,47.84460085,23,230,Subj719,Platform,DM,210
14099.5,14100.5,49.85597961,24,240,Subj719,Platform,DM,220
14699.5,14700.5,50.57573972,25,250,Subj719,Platform,DM,230
15299.5,15300.5,48.93890034,26,260,Subj719,Platform,DM,240
15899.5,15900.5,47.83264361,27,270,Subj719,Platform,DM,250
16499.5,16500.5,49.34365835,28,280,Subj719,Platform,DM,260
17099.5,17100.5,46.99188485,29,290,Subj719,Platform,DM,270
17699.5,17700.5,49.35174174,30,300,Subj719,Platform,DM,280
18299.5,18300.5,48.31084245,31,310,Subj719,Platform,DM,290
18899.5,18900.5,50.12358886,32,320,Subj719,Platform,DM,300
19499.5,19500.5,50.72713046,33,330,Subj719,Platform,DM,310
20099.5,20100.5,49.84946617,34,340,Subj719,Platform,DM,320
20699.5,20700.5,47.66506704,35,350,Subj719,Platform,DM,330
21299.5,21300.5,48.2079492,36,360,Subj719,Platform,DM,340
21899.5,21900.5,44.9947729,37,370,Subj719,Platform,DM,350
22499.5,22500.5,45.93537848,38,380,Subj719,Platform,DM,360
23099.5,23100.5,46.5730783,39,390,Subj719,Platform,DM,370
23699.5,23700.5,44.9928602,40,400,Subj719,Platform,DM,380
24299.5,24300.5,46.87249987,41,410,Subj719,Platform,DM,390
24899.5,24900.5,46.85484513,42,420,Subj719,Platform,DM,400
25499.5,25500.5,45.7063839,43,430,Subj719,Platform,DM,410
26099.5,26100.5,45.98339135,44,440,Subj719,Platform,DM,420
26699.5,26700.5,45.81370059,45,450,Subj719,Platform,DM,430
27299.5,27300.5,47.35674984,46,460,Subj719,Platform,DM,440
1499.5,1500.5,55.77016904,3,30,Subj719,Platform,ND,10
2099.5,2100.5,52.83295379,4,40,Subj719,Platform,ND,20
2699.5,2700.5,53.42088155,5,50,Subj719,Platform,ND,30
3299.5,3300.5,52.92201806,6,60,Subj719,Platform,ND,40
3899.5,3900.5,55.01743951,7,70,Subj719,Platform,ND,50
4499.5,4500.5,58.02874962,8,80,Subj719,Platform,ND,60
5099.5,5100.5,57.94638971,9,90,Subj719,Platform,ND,70
5699.5,5700.5,58.41399654,10,100,Subj719,Platform,ND,80
6299.5,6300.5,58.98874783,11,110,Subj719,Platform,ND,90
6899.5,6900.5,58.88246973,12,120,Subj719,Platform,ND,100
9299.5,9300.5,57.08082536,16,160,Subj719,Platform,ND,140
9899.5,9900.5,53.27290492,17,170,Subj719,Platform,ND,150
10499.5,10500.5,54.55949134,18,180,Subj719,Platform,ND,160
11099.5,11100.5,55.42039486,19,190,Subj719,Platform,ND,170
11699.5,11700.5,55.93871803,20,200,Subj719,Platform,ND,180
12299.5,12300.5,54.57622102,21,210,Subj719,Platform,ND,190
12899.5,12900.5,53.4625282,22,220,Subj719,Platform,ND,200
13499.5,13500.5,47.94993335,23,230,Subj719,Platform,ND,210
14099.5,14100.5,53.6093682,24,240,Subj719,Platform,ND,220
14699.5,14700.5,52.96478541,25,250,Subj719,Platform,ND,230
15299.5,15300.5,49.66301558,26,260,Subj719,Platform,ND,240
15899.5,15900.5,51.23047546,27,270,Subj719,Platform,ND,250
16499.5,16500.5,50.53394496,28,280,Subj719,Platform,ND,260
17099.5,17100.5,48.69573855,29,290,Subj719,Platform,ND,270
17699.5,17700.5,51.900068,30,300,Subj719,Platform,ND,280
18299.5,18300.5,52.21601107,31,310,Subj719,Platform,ND,290
18899.5,18900.5,52.63651968,32,320,Subj719,Platform,ND,300
19499.5,19500.5,54.32845878,33,330,Subj719,Platform,ND,310
20099.5,20100.5,48.00237691,34,340,Subj719,Platform,ND,320
20699.5,20700.5,52.42415999,35,350,Subj719,Platform,ND,330
21299.5,21300.5,50.2221549,36,360,Subj719,Platform,ND,340
21899.5,21900.5,48.75395197,37,370,Subj719,Platform,ND,350
22499.5,22500.5,47.89325754,38,380,Subj719,Platform,ND,360
23099.5,23100.5,48.98153816,39,390,Subj719,Platform,ND,370
23699.5,23700.5,45.09323496,40,400,Subj719,Platform,ND,380
24299.5,24300.5,51.00712128,41,410,Subj719,Platform,ND,390
24899.5,24900.5,50.12175317,42,420,Subj719,Platform,ND,400
25499.5,25500.5,50.93306983,43,430,Subj719,Platform,ND,410
26099.5,26100.5,49.16515669,44,440,Subj719,Platform,ND,420
26699.5,26700.5,50.33265015,45,450,Subj719,Platform,ND,430
27299.5,27300.5,46.86491911,46,460,Subj719,Platform,ND,440
1499.5,1500.5,65.62771706,3,30,Subj720,Platform,DM,10
2099.5,2100.5,64.75728102,4,40,Subj720,Platform,DM,20
2699.5,2700.5,63.85265823,5,50,Subj720,Platform,DM,30
3299.5,3300.5,66.7152383,6,60,Subj720,Platform,DM,40
3899.5,3900.5,65.48812879,7,70,Subj720,Platform,DM,50
4499.5,4500.5,65.12005221,8,80,Subj720,Platform,DM,60
5099.5,5100.5,62.8408307,9,90,Subj720,Platform,DM,70
5699.5,5700.5,63.88729226,10,100,Subj720,Platform,DM,80
6299.5,6300.5,65.7112904,11,110,Subj720,Platform,DM,90
6899.5,6900.5,62.56664189,12,120,Subj720,Platform,DM,100
9299.5,9300.5,67.25905509,16,160,Subj720,Platform,DM,140
9899.5,9900.5,59.84837207,17,170,Subj720,Platform,DM,150
10499.5,10500.5,65.27924091,18,180,Subj720,Platform,DM,160
11099.5,11100.5,65.42288387,19,190,Subj720,Platform,DM,170
11699.5,11700.5,66.40827254,20,200,Subj720,Platform,DM,180
12299.5,12300.5,65.42336305,21,210,Subj720,Platform,DM,190
12899.5,12900.5,62.94699018,22,220,Subj720,Platform,DM,200
13499.5,13500.5,61.71421287,23,230,Subj720,Platform,DM,210
14099.5,14100.5,63.3926254,24,240,Subj720,Platform,DM,220
14699.5,14700.5,62.26275372,25,250,Subj720,Platform,DM,230
15299.5,15300.5,61.0803841,26,260,Subj720,Platform,DM,240
15899.5,15900.5,61.58554747,27,270,Subj720,Platform,DM,250
16499.5,16500.5,60.74269601,28,280,Subj720,Platform,DM,260
17099.5,17100.5,61.43295367,29,290,Subj720,Platform,DM,270
17699.5,17700.5,59.67449288,30,300,Subj720,Platform,DM,280
18299.5,18300.5,59.12668949,31,310,Subj720,Platform,DM,290
18899.5,18900.5,62.97840267,32,320,Subj720,Platform,DM,300
19499.5,19500.5,62.03552747,33,330,Subj720,Platform,DM,310
20099.5,20100.5,61.14063065,34,340,Subj720,Platform,DM,320
20699.5,20700.5,62.9635963,35,350,Subj720,Platform,DM,330
21299.5,21300.5,60.95413026,36,360,Subj720,Platform,DM,340
21899.5,21900.5,60.58945348,37,370,Subj720,Platform,DM,350
22499.5,22500.5,61.02735463,38,380,Subj720,Platform,DM,360
23099.5,23100.5,58.9274522,39,390,Subj720,Platform,DM,370
23699.5,23700.5,60.24646361,40,400,Subj720,Platform,DM,380
24299.5,24300.5,62.19822511,41,410,Subj720,Platform,DM,390
24899.5,24900.5,60.77944751,42,420,Subj720,Platform,DM,400
25499.5,25500.5,62.25216902,43,430,Subj720,Platform,DM,410
26099.5,26100.5,61.6517446,44,440,Subj720,Platform,DM,420
26699.5,26700.5,63.81932916,45,450,Subj720,Platform,DM,430
27299.5,27300.5,61.09994377,46,460,Subj720,Platform,DM,440
1499.5,1500.5,67.70839334,3,30,Subj720,Platform,ND,10
2099.5,2100.5,65.14491727,4,40,Subj720,Platform,ND,20
2699.5,2700.5,66.08148939,5,50,Subj720,Platform,ND,30
3299.5,3300.5,65.57765621,6,60,Subj720,Platform,ND,40
3899.5,3900.5,64.85728535,7,70,Subj720,Platform,ND,50
4499.5,4500.5,65.30768151,8,80,Subj720,Platform,ND,60
5099.5,5100.5,63.52456445,9,90,Subj720,Platform,ND,70
5699.5,5700.5,64.39235502,10,100,Subj720,Platform,ND,80
6299.5,6300.5,64.91366489,11,110,Subj720,Platform,ND,90
6899.5,6900.5,63.16649639,12,120,Subj720,Platform,ND,100
9299.5,9300.5,66.28193758,16,160,Subj720,Platform,ND,140
9899.5,9900.5,58.26947663,17,170,Subj720,Platform,ND,150
10499.5,10500.5,64.65600212,18,180,Subj720,Platform,ND,160
11099.5,11100.5,66.48799278,19,190,Subj720,Platform,ND,170
11699.5,11700.5,65.27434857,20,200,Subj720,Platform,ND,180
12299.5,12300.5,65.02051944,21,210,Subj720,Platform,ND,190
12899.5,12900.5,63.91820798,22,220,Subj720,Platform,ND,200
13499.5,13500.5,59.95988144,23,230,Subj720,Platform,ND,210
14099.5,14100.5,60.52675394,24,240,Subj720,Platform,ND,220
14699.5,14700.5,61.89307945,25,250,Subj720,Platform,ND,230
15299.5,15300.5,61.68087339,26,260,Subj720,Platform,ND,240
15899.5,15900.5,63.26067733,27,270,Subj720,Platform,ND,250
16499.5,16500.5,63.12241629,28,280,Subj720,Platform,ND,260
17099.5,17100.5,59.56341364,29,290,Subj720,Platform,ND,270
17699.5,17700.5,63.00280377,30,300,Subj720,Platform,ND,280
18299.5,18300.5,63.87552496,31,310,Subj720,Platform,ND,290
18899.5,18900.5,63.35054047,32,320,Subj720,Platform,ND,300
19499.5,19500.5,62.49120567,33,330,Subj720,Platform,ND,310
20099.5,20100.5,59.64929772,34,340,Subj720,Platform,ND,320
20699.5,20700.5,63.25149044,35,350,Subj720,Platform,ND,330
21299.5,21300.5,62.04594737,36,360,Subj720,Platform,ND,340
21899.5,21900.5,59.8016832,37,370,Subj720,Platform,ND,350
22499.5,22500.5,59.87552888,38,380,Subj720,Platform,ND,360
23099.5,23100.5,59.50802788,39,390,Subj720,Platform,ND,370
23699.5,23700.5,62.05032326,40,400,Subj720,Platform,ND,380
24299.5,24300.5,62.74911677,41,410,Subj720,Platform,ND,390
24899.5,24900.5,61.52058882,42,420,Subj720,Platform,ND,400
25499.5,25500.5,62.21144015,43,430,Subj720,Platform,ND,410
26099.5,26100.5,58.64701885,44,440,Subj720,Platform,ND,420
26699.5,26700.5,61.02981002,45,450,Subj720,Platform,ND,430
27299.5,27300.5,57.07611347,46,460,Subj720,Platform,ND,440
1499.5,1500.5,56.23735823,3,30,Subj721,Ground,DM,10
2099.5,2100.5,57.36658635,4,40,Subj721,Ground,DM,20
2699.5,2700.5,56.64504741,5,50,Subj721,Ground,DM,30
3299.5,3300.5,52.3298568,6,60,Subj721,Ground,DM,40
3899.5,3900.5,54.09704561,7,70,Subj721,Ground,DM,50
4499.5,4500.5,52.51549884,8,80,Subj721,Ground,DM,60
5099.5,5100.5,52.90891146,9,90,Subj721,Ground,DM,70
5699.5,5700.5,50.06737054,10,100,Subj721,Ground,DM,80
8099.5,8100.5,54.54161349,14,140,Subj721,Ground,DM,120
8699.5,8700.5,53.00773713,15,150,Subj721,Ground,DM,130
9299.5,9300.5,52.84595697,16,160,Subj721,Ground,DM,140
9899.5,9900.5,54.32596123,17,170,Subj721,Ground,DM,150
10499.5,10500.5,53.16904652,18,180,Subj721,Ground,DM,160
11099.5,11100.5,52.33644064,19,190,Subj721,Ground,DM,170
11699.5,11700.5,54.78040987,20,200,Subj721,Ground,DM,180
12299.5,12300.5,54.16707807,21,210,Subj721,Ground,DM,190
12899.5,12900.5,53.50672457,22,220,Subj721,Ground,DM,200
13499.5,13500.5,55.99466911,23,230,Subj721,Ground,DM,210
1499.5,1500.5,56.91749494,3,30,Subj721,Ground,ND,10
2099.5,2100.5,58.72528458,4,40,Subj721,Ground,ND,20
2699.5,2700.5,57.7460362,5,50,Subj721,Ground,ND,30
3299.5,3300.5,56.01435062,6,60,Subj721,Ground,ND,40
3899.5,3900.5,57.49455481,7,70,Subj721,Ground,ND,50
4499.5,4500.5,59.11281856,8,80,Subj721,Ground,ND,60
5099.5,5100.5,59.68861062,9,90,Subj721,Ground,ND,70
5699.5,5700.5,63.14371951,10,100,Subj721,Ground,ND,80
8099.5,8100.5,63.3979448,14,140,Subj721,Ground,ND,120
8699.5,8700.5,60.17006664,15,150,Subj721,Ground,ND,130
9299.5,9300.5,62.35223775,16,160,Subj721,Ground,ND,140
9899.5,9900.5,65.09383122,17,170,Subj721,Ground,ND,150
10499.5,10500.5,64.30428274,18,180,Subj721,Ground,ND,160
11099.5,11100.5,62.41152165,19,190,Subj721,Ground,ND,170
11699.5,11700.5,64.97729319,20,200,Subj721,Ground,ND,180
12299.5,12300.5,64.13336419,21,210,Subj721,Ground,ND,190
12899.5,12900.5,64.68467055,22,220,Subj721,Ground,ND,200
13499.5,13500.5,62.7159975,23,230,Subj721,Ground,ND,210
1499.5,1500.5,50.56408762,3,30,Subj722,Ground,DM,10
2099.5,2100.5,48.52577512,4,40,Subj722,Ground,DM,20
2699.5,2700.5,47.11753666,5,50,Subj722,Ground,DM,30
3299.5,3300.5,47.85886854,6,60,Subj722,Ground,DM,40
3899.5,3900.5,48.47680496,7,70,Subj722,Ground,DM,50
4499.5,4500.5,47.88650033,8,80,Subj722,Ground,DM,60
5099.5,5100.5,48.05444965,9,90,Subj722,Ground,DM,70
5699.5,5700.5,49.16975629,10,100,Subj722,Ground,DM,80
8099.5,8100.5,47.35283491,14,140,Subj722,Ground,DM,120
8699.5,8700.5,46.52998479,15,150,Subj722,Ground,DM,130
9299.5,9300.5,46.84202503,16,160,Subj722,Ground,DM,140
9899.5,9900.5,47.37199374,17,170,Subj722,Ground,DM,150
10499.5,10500.5,46.96127873,18,180,Subj722,Ground,DM,160
11099.5,11100.5,48.42514025,19,190,Subj722,Ground,DM,170
11699.5,11700.5,46.23195358,20,200,Subj722,Ground,DM,180
12299.5,12300.5,45.96667932,21,210,Subj722,Ground,DM,190
12899.5,12900.5,45.72026889,22,220,Subj722,Ground,DM,200
13499.5,13500.5,46.63090205,23,230,Subj722,Ground,DM,210
1499.5,1500.5,51.7579613,3,30,Subj722,Ground,ND,10
2099.5,2100.5,50.65940052,4,40,Subj722,Ground,ND,20
2699.5,2700.5,49.6609875,5,50,Subj722,Ground,ND,30
3299.5,3300.5,50.17434547,6,60,Subj722,Ground,ND,40
3899.5,3900.5,51.24634919,7,70,Subj722,Ground,ND,50
4499.5,4500.5,49.94853656,8,80,Subj722,Ground,ND,60
5099.5,5100.5,51.685104,9,90,Subj722,Ground,ND,70
5699.5,5700.5,48.21815288,10,100,Subj722,Ground,ND,80
8099.5,8100.5,51.84107906,14,140,Subj722,Ground,ND,120
8699.5,8700.5,49.28526797,15,150,Subj722,Ground,ND,130
9299.5,9300.5,50.3210729,16,160,Subj722,Ground,ND,140
9899.5,9900.5,49.90653884,17,170,Subj722,Ground,ND,150
10499.5,10500.5,50.41221493,18,180,Subj722,Ground,ND,160
11099.5,11100.5,57.12705772,19,190,Subj722,Ground,ND,170
11699.5,11700.5,56.42004427,20,200,Subj722,Ground,ND,180
12299.5,12300.5,54.95517554,21,210,Subj722,Ground,ND,190
12899.5,12900.5,57.61165406,22,220,Subj722,Ground,ND,200
13499.5,13500.5,55.62670435,23,230,Subj722,Ground,ND,210
1499.5,1500.5,59.199001,3,30,Subj723,Ground,DM,10
2099.5,2100.5,58.60802892,4,40,Subj723,Ground,DM,20
2699.5,2700.5,57.70665757,5,50,Subj723,Ground,DM,30
3299.5,3300.5,57.9520015,6,60,Subj723,Ground,DM,40
3899.5,3900.5,54.44102699,7,70,Subj723,Ground,DM,50
4499.5,4500.5,55.08462178,8,80,Subj723,Ground,DM,60
5099.5,5100.5,56.09342748,9,90,Subj723,Ground,DM,70
5699.5,5700.5,57.7896571,10,100,Subj723,Ground,DM,80
8099.5,8100.5,56.09696863,14,140,Subj723,Ground,DM,120
8699.5,8700.5,56.24785004,15,150,Subj723,Ground,DM,130
9299.5,9300.5,56.67497197,16,160,Subj723,Ground,DM,140
9899.5,9900.5,56.45950725,17,170,Subj723,Ground,DM,150
10499.5,10500.5,55.09198351,18,180,Subj723,Ground,DM,160
11099.5,11100.5,55.8636892,19,190,Subj723,Ground,DM,170
11699.5,11700.5,54.35659178,20,200,Subj723,Ground,DM,180
12299.5,12300.5,55.18761665,21,210,Subj723,Ground,DM,190
1499.5,1500.5,56.30091347,3,30,Subj723,Ground,ND,10
2099.5,2100.5,55.91289651,4,40,Subj723,Ground,ND,20
2699.5,2700.5,55.64315972,5,50,Subj723,Ground,ND,30
3299.5,3300.5,55.60680909,6,60,Subj723,Ground,ND,40
3899.5,3900.5,53.46296689,7,70,Subj723,Ground,ND,50
4499.5,4500.5,56.3487686,8,80,Subj723,Ground,ND,60
5099.5,5100.5,55.07274499,9,90,Subj723,Ground,ND,70
5699.5,5700.5,58.89255736,10,100,Subj723,Ground,ND,80
8099.5,8100.5,52.40927807,14,140,Subj723,Ground,ND,120
8699.5,8700.5,51.70487629,15,150,Subj723,Ground,ND,130
9299.5,9300.5,54.63316394,16,160,Subj723,Ground,ND,140
9899.5,9900.5,52.42205379,17,170,Subj723,Ground,ND,150
10499.5,10500.5,51.87198429,18,180,Subj723,Ground,ND,160
11099.5,11100.5,53.19959462,19,190,Subj723,Ground,ND,170
11699.5,11700.5,52.35503724,20,200,Subj723,Ground,ND,180
12299.5,12300.5,53.04746705,21,210,Subj723,Ground,ND,190
1499.5,1500.5,56.93525989,3,30,Subj724,Ground,DM,10
2099.5,2100.5,57.66625874,4,40,Subj724,Ground,DM,20
2699.5,2700.5,55.54413893,5,50,Subj724,Ground,DM,30
3299.5,3300.5,54.26058084,6,60,Subj724,Ground,DM,40
3899.5,3900.5,54.22690829,7,70,Subj724,Ground,DM,50
4499.5,4500.5,55.94447831,8,80,Subj724,Ground,DM,60
5099.5,5100.5,54.84634919,9,90,Subj724,Ground,DM,70
5699.5,5700.5,54.23866822,10,100,Subj724,Ground,DM,80
8099.5,8100.5,54.83213805,14,140,Subj724,Ground,DM,120
8699.5,8700.5,55.65667822,15,150,Subj724,Ground,DM,130
9299.5,9300.5,55.10544,16,160,Subj724,Ground,DM,140
9899.5,9900.5,53.90654757,17,170,Subj724,Ground,DM,150
10499.5,10500.5,53.30165567,18,180,Subj724,Ground,DM,160
11099.5,11100.5,54.54016502,19,190,Subj724,Ground,DM,170
11699.5,11700.5,55.74039325,20,200,Subj724,Ground,DM,180
12299.5,12300.5,52.66912132,21,210,Subj724,Ground,DM,190
12899.5,12900.5,54.5596551,22,220,Subj724,Ground,DM,200
13499.5,13500.5,54.67838853,23,230,Subj724,Ground,DM,210
1499.5,1500.5,54.74845888,3,30,Subj724,Ground,ND,10
2099.5,2100.5,56.62431978,4,40,Subj724,Ground,ND,20
2699.5,2700.5,55.14916764,5,50,Subj724,Ground,ND,30
3299.5,3300.5,56.29981165,6,60,Subj724,Ground,ND,40
3899.5,3900.5,54.33904243,7,70,Subj724,Ground,ND,50
4499.5,4500.5,55.91213463,8,80,Subj724,Ground,ND,60
5099.5,5100.5,53.27141039,9,90,Subj724,Ground,ND,70
5699.5,5700.5,54.32611511,10,100,Subj724,Ground,ND,80
8099.5,8100.5,49.66416037,14,140,Subj724,Ground,ND,120
8699.5,8700.5,51.52952529,15,150,Subj724,Ground,ND,130
9299.5,9300.5,52.93517184,16,160,Subj724,Ground,ND,140
9899.5,9900.5,51.52361353,17,170,Subj724,Ground,ND,150
10499.5,10500.5,52.93343084,18,180,Subj724,Ground,ND,160
11099.5,11100.5,53.86313206,19,190,Subj724,Ground,ND,170
11699.5,11700.5,52.20093386,20,200,Subj724,Ground,ND,180
12299.5,12300.5,52.42755715,21,210,Subj724,Ground,ND,190
12899.5,12900.5,49.72045451,22,220,Subj724,Ground,ND,200
13499.5,13500.5,50.13844617,23,230,Subj724,Ground,ND,210
